band	lemma	pos
1000	the	det
1000	be	v
1000	of	prep
1000	and	conj
1000	a	det
1000	in	prep
1000	to	infinitive-marker
1000	have	v
1000	it	pron
1000	to	prep
1000	for	prep
1000	i	pron
1000	that	conj
1000	you	pron
1000	he	pron
1000	on	prep
1000	with	prep
1000	do	v
1000	at	prep
1000	by	prep
1000	not	adv
1000	this	det
1000	but	conj
1000	from	prep
1000	they	pron
1000	his	det
1000	that	det
1000	she	pron
1000	or	conj
1000	which	det
1000	as	conj
1000	we	pron
1000	an	det
1000	say	v
1000	will	modal
1000	would	modal
1000	can	modal
1000	if	conj
1000	their	det
1000	go	v
1000	what	det
1000	there	pron
1000	all	det
1000	get	v
1000	her	det
1000	make	v
1000	who	pron
1000	as	prep
1000	out	adv
1000	up	adv
1000	see	v
1000	know	v
1000	time	n
1000	take	v
1000	them	pron
1000	some	det
1000	could	modal
1000	so	adv
1000	him	pron
1000	year	n
1000	into	prep
1000	its	det
1000	then	adv
1000	think	v
1000	my	det
1000	come	v
1000	than	conj
1000	more	adv
1000	about	prep
1000	now	adv
1000	last	a
1000	your	det
1000	me	pron
1000	no	det
1000	other	a
1000	give	v
1000	just	adv
1000	should	modal
1000	these	det
1000	people	n
1000	also	adv
1000	well	adv
1000	any	det
1000	only	adv
1000	new	a
1000	very	adv
1000	when	conj
1000	may	modal
1000	way	n
1000	look	v
1000	like	prep
1000	use	v
1000	her	pron
1000	such	det
1000	how	adv
1000	because	conj
1000	when	adv
1000	as	adv
1000	good	a
1000	find	v
1000	man	n
1000	our	det
1000	want	v
1000	day	n
1000	between	prep
1000	even	adv
1000	there	adv
1000	many	det
1000	those	det
1000	one	pron
1000	after	prep
1000	down	adv
1000	yeah	interjection
1000	so	conj
1000	thing	n
1000	tell	v
1000	through	prep
1000	back	adv
1000	still	adv
1000	must	modal
1000	child	n
1000	here	adv
1000	over	prep
1000	too	adv
1000	put	v
1000	own	det
1000	on	adv
1000	no	interjection
1000	work	v
1000	become	v
1000	more	det
1000	old	a
1000	government	n
1000	mean	v
1000	part	n
1000	leave	v
1000	life	n
1000	great	a
1000	where	adv
1000	case	n
1000	woman	n
1000	over	adv
1000	seem	v
1000	same	det
1000	us	pron
1000	work	n
1000	need	v
1000	feel	v
1000	system	n
1000	each	det
1000	might	modal
1000	may	v
1000	much	adv
1000	ask	v
1000	group	n
1000	number	n
1000	yes	interjection
1000	however	adv
1000	another	det
1000	again	adv
1000	world	n
1000	area	n
1000	show	v
1000	course	n
1000	company	n
1000	shall	modal
1000	under	prep
1000	problem	n
1000	against	prep
1000	never	adv
1000	all	adv
1000	most	adv
1000	service	n
1000	try	v
1000	call	v
1000	hand	n
1000	party	n
1000	high	a
1000	about	adv
1000	something	pron
1000	school	n
1000	in	adv
1000	small	a
1000	place	n
1000	before	prep
1000	why	adv
1000	while	conj
1000	away	adv
1000	keep	v
1000	point	n
1000	house	n
1000	different	a
1000	country	n
1000	really	adv
1000	provide	v
1000	week	n
1000	hold	v
1000	large	a
1000	member	n
1000	off	adv
1000	always	adv
1000	next	det
1000	follow	v
1000	without	prep
1000	turn	v
1000	end	n
1000	within	prep
1000	local	a
1000	where	conj
1000	during	prep
1000	bring	v
1000	most	det
1000	word	n
1000	begin	v
1000	although	conj
1000	example	n
1000	next	adv
1000	family	n
1000	rather	adv
1000	fact	n
1000	like	v
1000	social	a
1000	write	v
1000	state	n
1000	percent	n
1000	quite	adv
1000	both	det
1000	start	v
1000	run	v
1000	long	a
1000	right	adv
1000	set	v
1000	help	v
1000	every	det
1000	home	n
1000	month	n
1000	side	n
1000	night	n
1000	important	a
1000	eye	n
1000	head	n
1000	information	n
1000	question	n
1000	business	n
1000	play	v
1000	power	n
1000	money	n
1000	change	n
1000	move	v
1000	interest	n
1000	order	n
1000	book	n
1000	often	adv
1000	development	n
1000	young	a
1000	national	a
1000	pay	v
1000	hear	v
1000	room	n
1000	whether	conj
1000	water	n
1000	form	n
1000	car	n
1000	other	n
1000	yet	adv
1000	perhaps	adv
1000	meet	v
1000	level	n
1000	until	conj
1000	though	conj
1000	policy	n
1000	include	v
1000	believe	v
1000	council	n
1000	already	adv
1000	possible	a
1000	nothing	pron
1000	line	n
1000	allow	v
1000	need	n
1000	effect	n
1000	big	a
1000	use	n
1000	lead	v
1000	stand	v
1000	idea	n
1000	study	n
1000	lot	n
1000	live	v
1000	job	n
1000	since	conj
1000	name	n
1000	result	n
1000	body	n
1000	happen	v
1000	friend	n
1000	right	n
1000	least	adv
1000	right	a
1000	almost	adv
1000	much	det
1000	carry	v
1000	authority	n
1000	long	adv
1000	early	a
1000	view	n
1000	himself	pron
1000	public	a
1000	together	adv
1000	talk	v
1000	report	n
1000	after	conj
1000	only	a
1000	before	conj
1000	bit	n
1000	face	n
1000	sit	v
1000	market	n
1000	appear	v
1000	continue	v
1000	able	a
1000	political	a
1000	later	adv
1000	hour	n
1000	rate	n
1000	law	n
1000	door	n
1000	court	n
1000	office	n
1000	let	v
1000	war	n
1000	produce	v
1000	reason	n
1000	less	adv
1000	minister	n
1000	subject	n
1000	person	n
1000	term	n
1000	particular	a
1000	full	a
1000	involve	v
1000	sort	n
1000	require	v
1000	suggest	v
1000	far	a
1000	towards	prep
1000	anything	pron
1000	period	n
1000	consider	v
1000	read	v
1000	change	v
1000	society	n
1000	process	n
1000	mother	n
1000	offer	v
1000	late	a
1000	voice	n
1000	both	adv
1000	once	adv
1000	police	n
1000	kind	n
1000	lose	v
1000	add	v
1000	probably	adv
1000	expect	v
1000	ever	adv
1000	available	a
1000	no	adv
1000	price	n
1000	little	a
1000	action	n
1000	issue	n
1000	far	adv
1000	remember	v
1000	position	n
1000	low	a
1000	cost	n
1000	little	det
1000	matter	n
1000	community	n
1000	remain	v
1000	figure	n
1000	type	n
1000	research	n
1000	actually	adv
1000	education	n
1000	fall	v
1000	speak	v
1000	few	n
1000	today	adv
1000	enough	adv
1000	open	v
1000	bad	a
1000	buy	v
1000	programme	n
1000	minute	n
1000	moment	n
1000	girl	n
1000	age	n
1000	centre	n
1000	stop	v
1000	control	n
1000	value	n
1000	send	v
1000	health	n
1000	decide	v
1000	main	a
1000	win	v
1000	understand	v
1000	decision	n
1000	develop	v
1000	class	n
1000	industry	n
1000	receive	v
1000	back	n
1000	several	det
1000	return	v
1000	build	v
1000	spend	v
1000	force	n
1000	condition	n
1000	itself	pron
1000	paper	n
1000	themselves	pron
1000	off	prep
1000	major	a
1000	describe	v
1000	agree	v
1000	economic	a
1000	increase	v
1000	upon	prep
1000	learn	v
1000	general	a
1000	century	n
1000	therefore	adv
1000	father	n
1000	section	n
1000	patient	n
1000	around	adv
1000	activity	n
1000	road	n
1000	table	n
1000	including	prep
1000	church	n
1000	reach	v
1000	real	a
1000	lie	v
1000	mind	n
1000	likely	a
1000	among	prep
1000	team	n
1000	experience	n
1000	death	n
1000	soon	adv
1000	act	n
1000	sense	n
1000	staff	n
1000	certain	a
1000	student	n
1000	half	det
1000	around	prep
1000	language	n
1000	walk	v
1000	die	v
1000	special	a
1000	difficult	a
1000	international	a
1000	particularly	adv
1000	department	n
1000	management	n
1000	morning	n
1000	draw	v
1000	hope	v
1000	across	prep
1000	plan	n
1000	product	n
1000	city	n
1000	early	adv
1000	committee	n
1000	ground	n
1000	letter	n
1000	create	v
1000	evidence	n
1000	foot	n
1000	clear	a
1000	boy	n
1000	game	n
1000	food	n
1000	role	n
1000	practice	n
1000	bank	n
1000	else	adv
1000	support	n
1000	sell	v
1000	event	n
1000	building	n
1000	range	n
1000	behind	prep
1000	sure	a
1000	report	v
1000	pass	v
1000	black	a
1000	stage	n
1000	meeting	n
1000	sometimes	adv
1000	thus	adv
1000	accept	v
1000	town	n
1000	art	n
1000	further	adv
1000	club	n
1000	cause	v
1000	arm	n
1000	history	n
1000	parent	n
1000	land	n
1000	trade	n
1000	watch	v
1000	white	a
1000	situation	n
1000	whose	det
1000	ago	adv
1000	teacher	n
1000	record	n
1000	manager	n
1000	relation	n
1000	common	a
1000	strong	a
1000	whole	a
1000	field	n
1000	free	a
1000	break	v
1000	yesterday	adv
1000	support	v
1000	window	n
1000	account	n
1000	explain	v
1000	stay	v
1000	few	det
1000	wait	v
1000	usually	adv
1000	difference	n
1000	material	n
1000	air	n
1000	wife	n
1000	cover	v
1000	apply	v
1000	project	n
1000	raise	v
1000	sale	n
1000	relationship	n
1000	indeed	adv
1000	light	n
1000	claim	v
1000	form	v
1000	base	v
1000	care	n
1000	someone	pron
1000	everything	pron
1000	certainly	adv
1000	rule	n
1000	home	adv
1000	cut	v
1000	grow	v
1000	similar	a
1000	story	n
1000	quality	n
1000	tax	n
1000	worker	n
1000	nature	n
1000	structure	n
1000	data	n
1000	necessary	a
1000	pound	n
1000	method	n
1000	unit	n
1000	central	a
1000	bed	n
1000	union	n
1000	movement	n
1000	board	n
1000	true	a
1000	well	interjection
1000	simply	adv
1000	contain	v
1000	especially	adv
1000	open	a
1000	short	a
1000	personal	a
1000	detail	n
1000	model	n
1000	bear	v
1000	single	a
1000	join	v
1000	reduce	v
1000	establish	v
1000	herself	pron
1000	wall	n
1000	face	v
1000	easy	a
1000	private	a
1000	computer	n
1000	former	det
1000	hospital	n
1000	chapter	n
1000	scheme	n
1000	theory	n
1000	choose	v
1000	wish	v
1000	property	n
1000	achieve	v
1000	financial	a
1000	poor	a
1000	officer	n
1000	up	prep
1000	charge	n
1000	director	n
1000	drive	v
1000	deal	v
1000	place	v
1000	approach	n
1000	chance	n
1000	application	n
1000	seek	v
1000	cos	conj
1000	foreign	a
1000	along	prep
1000	top	n
1000	amount	n
1000	son	n
1000	operation	n
1000	fail	v
1000	human	a
1000	opportunity	n
1000	simple	a
1000	leader	n
1000	look	n
1000	share	n
1000	production	n
1000	recent	a
1000	firm	n
1000	picture	n
1000	source	n
1000	security	n
1000	serve	v
1000	according	prep
1000	end	v
1000	contract	n
1000	wide	a
1000	occur	v
1000	agreement	n
1000	better	adv
1000	kill	v
1000	act	v
1000	site	n
1000	either	adv
1000	labour	n
1000	plan	v
1000	various	a
1000	since	prep
1000	test	n
1000	eat	v
1000	loss	n
1000	close	v
1000	represent	v
1000	love	v
1000	colour	n
1000	clearly	adv
1000	shop	n
1000	benefit	n
1000	animal	n
1000	heart	n
1000	election	n
1000	purpose	n
1000	standard	n
1000	due	a
1000	secretary	n
1000	rise	v
1000	date	n
1000	hard	a
1000	music	n
1000	hair	n
1000	prepare	v
1000	factor	n
1000	other	pron
1000	anyone	pron
1000	pattern	n
1000	manage	v
1000	piece	n
1000	discuss	v
1000	prove	v
1000	front	n
1000	evening	n
1000	royal	a
1000	tree	n
1000	population	n
1000	fine	a
1000	plant	n
1000	pressure	n
1000	response	n
1000	catch	v
1000	street	n
1000	pick	v
1000	performance	n
1000	knowledge	n
1000	despite	prep
1000	design	n
1000	page	n
1000	enjoy	v
1000	individual	n
1000	suppose	v
1000	rest	n
1000	instead	adv
1000	wear	v
1000	basis	n
1000	size	n
1000	environment	n
1000	per	prep
1000	fire	n
1000	series	n
1000	success	n
1000	natural	a
1000	wrong	a
1000	near	prep
1000	round	adv
1000	thought	n
1000	list	n
1000	argue	v
1000	final	a
1000	future	n
1000	introduce	v
1000	analysis	n
1000	enter	v
1000	space	n
1000	arrive	v
1000	ensure	v
1000	demand	n
1000	statement	n
1000	to	adv
1000	attention	n
1000	love	n
1000	principle	n
1000	pull	v
1000	set	n
1000	doctor	n
1000	choice	n
1000	refer	v
1000	feature	n
1000	couple	n
1000	step	n
1000	following	a
1000	thank	v
1000	machine	n
1000	income	n
1000	training	n
1000	present	v
1000	association	n
1000	film	n
1000	region	n
1000	effort	n
1000	player	n
1000	everyone	pron
1000	present	a
1000	award	n
1000	village	n
1000	control	v
1000	organisation	n
1000	whatever	det
1000	news	n
1000	nice	a
1000	difficulty	n
1000	modern	a
1000	cell	n
1000	close	a
1000	current	a
1000	legal	a
1000	energy	n
1000	finally	adv
1000	degree	n
1000	mile	n
1000	means	n
1000	growth	n
1000	whom	pron
1000	treatment	n
1000	sound	n
1000	above	prep
1000	task	n
1000	provision	n
1000	affect	v
1000	please	adv
1000	red	a
1000	happy	a
1000	behaviour	n
1000	concerned	a
1000	point	v
1000	function	n
1000	identify	v
1000	resource	n
1000	defence	n
1000	garden	n
1000	floor	n
1000	technology	n
1000	style	n
1000	feeling	n
1000	science	n
1000	relate	v
1000	doubt	n
1000	horse	n
1000	force	v
1000	answer	n
1000	compare	v
1000	suffer	v
1000	individual	a
1000	forward	adv
1000	announce	v
1000	user	n
1000	fund	n
1000	character	n
1000	risk	n
1000	normal	a
1000	myself	pron
1000	nor	conj
1000	dog	n
1000	obtain	v
1000	quickly	adv
1000	army	n
1000	indicate	v
1000	forget	v
1000	station	n
1000	glass	n
1000	cup	n
1000	previous	a
1000	husband	n
1000	recently	adv
1000	publish	v
1000	serious	a
1000	anyway	adv
1000	visit	v
1000	capital	n
1000	either	det
1000	note	n
1000	season	n
1000	argument	n
1000	listen	v
1000	show	n
1000	responsibility	n
1000	significant	a
1000	deal	n
1000	prime	a
1000	economy	n
1000	element	n
1000	finish	v
1000	duty	n
1000	fight	v
1000	train	v
1000	maintain	v
1000	attempt	n
1000	leg	n
1000	investment	n
1000	save	v
1000	throughout	prep
1000	design	v
1000	suddenly	adv
1000	brother	n
1000	improve	v
1000	avoid	v
1000	wonder	v
1000	tend	v
1000	title	n
1000	hotel	n
1000	aspect	n
1000	increase	n
1000	help	n
1000	industrial	a
1000	express	v
1000	summer	n
1000	determine	v
1000	generally	adv
1000	daughter	n
1000	exist	v
1000	used	modal
1000	share	v
1000	baby	n
1000	nearly	adv
1000	smile	v
1000	sorry	a
1000	sea	n
1000	skill	n
1000	claim	n
1000	treat	v
1000	remove	v
1000	concern	n
1000	university	n
1000	labour	a
1000	left	a
1000	dead	a
1000	discussion	n
1000	specific	a
1000	customer	n
1000	box	n
1000	outside	prep
1000	state	v
1000	conference	n
1000	whole	n
1000	total	a
1000	profit	n
1000	division	n
1000	throw	v
1000	procedure	n
1000	fill	v
1000	king	n
1000	assume	v
1000	image	n
1000	oil	n
1000	obviously	adv
1000	unless	conj
1000	appropriate	a
1000	circumstance	n
1000	military	a
1000	proposal	n
1000	mention	v
1000	client	n
1000	sector	n
1000	direction	n
1000	admit	v
1000	though	adv
1000	replace	v
1000	basic	a
1000	hard	adv
1000	instance	n
1000	sign	n
1000	original	a
1000	successful	a
1000	okay	adv
1000	reflect	v
1000	aware	a
1000	measure	n
1000	attitude	n
1000	yourself	pron
1000	disease	n
1000	exactly	adv
1000	above	adv
1000	commission	n
1000	intend	v
1000	beyond	prep
1000	seat	n
1000	president	n
1000	encourage	v
1000	addition	n
1000	goal	n
1000	round	prep
1000	miss	v
1000	popular	a
1000	affair	n
1000	technique	n
1000	respect	n
1000	drop	v
1000	professional	a
1000	less	det
1000	once	conj
1000	item	n
1000	fly	v
1000	reveal	v
1000	version	n
1000	maybe	adv
1000	ability	n
1000	operate	v
1000	good	n
1000	campaign	n
1000	heavy	a
1000	advice	n
1000	institution	n
1000	top	a
1000	discover	v
1000	surface	n
1000	library	n
1000	pupil	n
1000	record	v
1000	refuse	v
1000	prevent	v
1000	advantage	n
1000	dark	a
1000	teach	v
1000	memory	n
1000	culture	n
1000	blood	n
1000	cost	v
1000	majority	n
1000	answer	v
1000	variety	n
1000	press	n
1000	depend	v
1000	bill	n
1000	competition	n
1000	ready	a
1000	general	n
1000	access	n
1000	hit	v
1000	stone	n
1000	useful	a
2000	extent	n
2000	employment	n
2000	regard	v
2000	apart	adv
2000	present	n
2000	appeal	n
2000	text	n
2000	parliament	n
2000	cause	n
2000	terms	n
2000	bar	n
2000	attack	n
2000	effective	a
2000	mouth	n
2000	down	prep
2000	result	v
2000	fish	n
2000	future	a
2000	visit	n
2000	little	adv
2000	easily	adv
2000	attempt	v
2000	enable	v
2000	trouble	n
2000	traditional	a
2000	payment	n
2000	best	adv
2000	post	n
2000	county	n
2000	lady	n
2000	holiday	n
2000	realise	v
2000	importance	n
2000	chair	n
2000	facility	n
2000	complete	v
2000	article	n
2000	object	n
2000	context	n
2000	survey	n
2000	notice	v
2000	complete	a
2000	turn	n
2000	direct	a
2000	immediately	adv
2000	collection	n
2000	reference	n
2000	card	n
2000	interesting	a
2000	considerable	a
2000	television	n
2000	extend	v
2000	communication	n
2000	agency	n
2000	physical	a
2000	except	conj
2000	check	v
2000	sun	n
2000	species	n
2000	possibility	n
2000	official	n
2000	chairman	n
2000	speaker	n
2000	second	n
2000	career	n
2000	laugh	v
2000	weight	n
2000	sound	v
2000	responsible	a
2000	base	n
2000	document	n
2000	solution	n
2000	return	n
2000	medical	a
2000	hot	a
2000	recognise	v
2000	talk	n
2000	budget	n
2000	river	n
2000	fit	v
2000	organization	n
2000	existing	a
2000	start	n
2000	push	v
2000	tomorrow	adv
2000	requirement	n
2000	cold	a
2000	edge	n
2000	opposition	n
2000	opinion	n
2000	drug	n
2000	quarter	n
2000	option	n
2000	sign	v
2000	worth	prep
2000	call	n
2000	define	v
2000	stock	n
2000	influence	n
2000	occasion	n
2000	eventually	adv
2000	software	n
2000	highly	adv
2000	exchange	n
2000	lack	n
2000	shake	v
2000	study	v
2000	concept	n
2000	blue	a
2000	star	n
2000	radio	n
2000	no-one	pron
2000	arrangement	n
2000	examine	v
2000	bird	n
2000	green	a
2000	band	n
2000	sex	n
2000	finger	n
2000	past	n
2000	independent	a
2000	equipment	n
2000	north	n
2000	mind	v
2000	move	n
2000	message	n
2000	fear	n
2000	afternoon	n
2000	drink	v
2000	fully	adv
2000	race	n
2000	gain	v
2000	strategy	n
2000	extra	a
2000	scene	n
2000	slightly	adv
2000	kitchen	n
2000	speech	n
2000	arise	v
2000	network	n
2000	tea	n
2000	peace	n
2000	failure	n
2000	employee	n
2000	ahead	adv
2000	scale	n
2000	hardly	adv
2000	attend	v
2000	shoulder	n
2000	otherwise	adv
2000	railway	n
2000	directly	adv
2000	supply	n
2000	expression	n
2000	owner	n
2000	associate	v
2000	corner	n
2000	past	a
2000	match	n
2000	sport	n
2000	status	n
2000	beautiful	a
2000	offer	n
2000	marriage	n
2000	hang	v
2000	civil	a
2000	perform	v
2000	sentence	n
2000	crime	n
2000	ball	n
2000	marry	v
2000	wind	n
2000	truth	n
2000	protect	v
2000	safety	n
2000	partner	n
2000	completely	adv
2000	copy	n
2000	balance	n
2000	sister	n
2000	reader	n
2000	below	adv
2000	trial	n
2000	rock	n
2000	damage	n
2000	adopt	v
2000	newspaper	n
2000	meaning	n
2000	light	a
2000	essential	a
2000	obvious	a
2000	nation	n
2000	confirm	v
2000	south	n
2000	length	n
2000	branch	n
2000	deep	a
2000	none	pron
2000	planning	n
2000	trust	n
2000	working	a
2000	pain	n
2000	studio	n
2000	positive	a
2000	spirit	n
2000	college	n
2000	accident	n
2000	star	v
2000	hope	n
2000	mark	v
2000	works	n
2000	league	n
2000	clear	v
2000	imagine	v
2000	through	adv
2000	cash	n
2000	normally	adv
2000	play	n
2000	strength	n
2000	train	n
2000	travel	v
2000	target	n
2000	very	a
2000	pair	n
2000	male	a
2000	gas	n
2000	issue	v
2000	contribution	n
2000	complex	a
2000	supply	v
2000	beat	v
2000	artist	n
2000	agent	n
2000	presence	n
2000	along	adv
2000	environmental	a
2000	strike	v
2000	contact	n
2000	protection	n
2000	beginning	n
2000	demand	v
2000	media	n
2000	relevant	a
2000	employ	v
2000	shoot	v
2000	executive	n
2000	slowly	adv
2000	relatively	adv
2000	aid	n
2000	huge	a
2000	late	adv
2000	speed	n
2000	review	n
2000	test	v
2000	order	v
2000	route	n
2000	consequence	n
2000	telephone	n
2000	release	v
2000	proportion	n
2000	primary	a
2000	consideration	n
2000	reform	n
2000	driver	n
2000	annual	a
2000	nuclear	a
2000	latter	det
2000	practical	a
2000	commercial	a
2000	rich	a
2000	emerge	v
2000	apparently	adv
2000	ring	v
2000	distance	n
2000	exercise	n
2000	key	a
2000	close	adv
2000	skin	n
2000	island	n
2000	separate	a
2000	aim	v
2000	danger	n
2000	credit	n
2000	usual	a
2000	link	v
2000	candidate	n
2000	track	n
2000	safe	a
2000	interested	a
2000	assessment	n
2000	path	n
2000	merely	adv
2000	plus	prep
2000	district	n
2000	regular	a
2000	reaction	n
2000	impact	n
2000	collect	v
2000	debate	n
2000	lay	v
2000	rise	n
2000	belief	n
2000	conclusion	n
2000	shape	n
2000	vote	n
2000	aim	n
2000	politics	n
2000	reply	v
2000	press	v
2000	approach	v
2000	file	n
2000	western	a
2000	earth	n
2000	public	n
2000	survive	v
2000	estate	n
2000	boat	n
2000	prison	n
2000	additional	a
2000	settle	v
2000	largely	adv
2000	wine	n
2000	observe	v
2000	limit	v
2000	deny	v
2000	for	conj
2000	straight	adv
2000	somebody	pron
2000	writer	n
2000	weekend	n
2000	clothes	n
2000	active	a
2000	sight	n
2000	video	n
2000	reality	n
2000	hall	n
2000	nevertheless	adv
2000	regional	a
2000	vehicle	n
2000	worry	v
2000	powerful	a
2000	possibly	adv
2000	cross	v
2000	colleague	n
2000	charge	v
2000	lead	n
2000	farm	n
2000	respond	v
2000	employer	n
2000	carefully	adv
2000	understanding	n
2000	connection	n
2000	comment	n
2000	grant	v
2000	concentrate	v
2000	ignore	v
2000	phone	n
2000	hole	n
2000	insurance	n
2000	content	n
2000	confidence	n
2000	sample	n
2000	transport	n
2000	objective	n
2000	alone	a
2000	flower	n
2000	injury	n
2000	lift	v
2000	stick	v
2000	front	a
2000	mainly	adv
2000	battle	n
2000	generation	n
2000	currently	adv
2000	winter	n
2000	inside	prep
2000	impossible	a
2000	somewhere	adv
2000	arrange	v
2000	will	n
2000	sleep	v
2000	progress	n
2000	volume	n
2000	ship	n
2000	legislation	n
2000	commitment	n
2000	enough	det
2000	conflict	n
2000	bag	n
2000	fresh	a
2000	entry	n
2000	smile	n
2000	fair	a
2000	promise	v
2000	introduction	n
2000	senior	a
2000	manner	n
2000	background	n
2000	key	n
2000	touch	v
2000	vary	v
2000	sexual	a
2000	ordinary	a
2000	cabinet	n
2000	painting	n
2000	entirely	adv
2000	engine	n
2000	previously	adv
2000	administration	n
2000	tonight	adv
2000	adult	n
2000	prefer	v
2000	author	n
2000	actual	a
2000	song	n
2000	investigation	n
2000	debt	n
2000	visitor	n
2000	forest	n
2000	repeat	v
2000	wood	n
2000	contrast	n
2000	extremely	adv
2000	wage	n
2000	domestic	a
2000	commit	v
2000	threat	n
2000	bus	n
2000	warm	a
2000	sir	n
2000	regulation	n
2000	drink	n
2000	relief	n
2000	internal	a
2000	strange	a
2000	excellent	a
2000	run	n
2000	fairly	adv
2000	technical	a
2000	tradition	n
2000	measure	v
2000	insist	v
2000	his	pron
2000	farmer	n
2000	until	prep
2000	traffic	n
2000	dinner	n
2000	consumer	n
2000	meal	n
2000	warn	v
2000	living	a
2000	package	n
2000	half	n
2000	increasingly	adv
2000	description	n
2000	soft	a
2000	stuff	n
2000	award	v
2000	existence	n
2000	improvement	n
2000	coffee	n
2000	appearance	n
2000	standard	a
2000	attack	v
2000	sheet	n
2000	category	n
2000	distribution	n
2000	equally	adv
2000	session	n
2000	cultural	a
2000	loan	n
2000	bind	v
2000	museum	n
2000	conversation	n
2000	threaten	v
2000	link	n
2000	launch	v
2000	proper	a
2000	victim	n
2000	audience	n
2000	famous	a
2000	master	n
2000	lip	n
2000	religious	a
2000	joint	a
2000	cry	v
2000	potential	a
2000	broad	a
2000	exhibition	n
2000	experience	v
2000	judge	n
2000	formal	a
2000	housing	n
2000	past	prep
2000	concern	v
2000	freedom	n
2000	gentleman	n
2000	attract	v
2000	explanation	n
2000	appoint	v
2000	note	v
2000	chief	a
2000	total	n
2000	lovely	a
2000	official	a
2000	date	v
2000	demonstrate	v
2000	construction	n
2000	middle	n
2000	yard	n
2000	unable	a
2000	acquire	v
2000	surely	adv
2000	crisis	n
2000	propos	v
2000	west	n
2000	impose	v
2000	market	v
2000	care	v
2000	god	n
2000	favour	n
2000	before	adv
2000	name	v
2000	equal	a
2000	capacity	n
2000	flat	n
2000	selection	n
2000	alone	adv
2000	football	n
2000	victory	n
2000	factory	n
2000	rural	a
2000	twice	adv
2000	sing	v
2000	whereas	conj
2000	own	v
2000	head	v
2000	examination	n
2000	deliver	v
2000	nobody	pron
2000	substantial	a
2000	invite	v
2000	intention	n
2000	egg	n
2000	reasonable	a
2000	onto	prep
2000	retain	v
2000	aircraft	n
2000	decade	n
2000	cheap	a
2000	quiet	a
2000	bright	a
2000	contribute	v
2000	row	n
2000	search	n
2000	limit	n
2000	definition	n
2000	unemployment	n
2000	spread	v
2000	mark	n
2000	flight	n
2000	account	v
2000	output	n
2000	last	v
2000	tour	n
2000	address	n
2000	immediate	a
2000	reduction	n
2000	interview	n
2000	assess	v
2000	promote	v
2000	everybody	pron
2000	suitable	a
2000	ought	modal
2000	growing	a
2000	nod	v
2000	reject	v
2000	while	n
2000	high	adv
2000	dream	n
2000	vote	v
2000	divide	v
2000	declare	v
2000	handle	v
2000	detailed	a
2000	challenge	n
2000	notice	n
2000	rain	n
2000	destroy	v
2000	mountain	n
2000	concentration	n
2000	limited	a
2000	finance	n
2000	pension	n
2000	influence	v
2000	afraid	a
2000	murder	n
2000	neck	n
2000	weapon	n
2000	hide	v
2000	offence	n
2000	absence	n
2000	error	n
2000	representative	n
2000	enterprise	n
2000	criticism	n
2000	average	a
2000	quick	a
2000	sufficient	a
2000	appointment	n
2000	match	v
2000	transfer	v
2000	acid	n
2000	spring	n
2000	birth	n
2000	ear	n
2000	recognize	v
2000	recommend	v
2000	module	n
2000	instruction	n
2000	democratic	a
2000	park	n
2000	weather	n
2000	bottle	n
2000	address	v
2000	bedroom	n
2000	kid	n
2000	pleasure	n
2000	realize	v
2000	assembly	n
2000	expensive	a
2000	select	v
2000	teaching	n
2000	desire	n
2000	whilst	conj
2000	contact	v
2000	implication	n
2000	combine	v
2000	temperature	n
2000	wave	n
2000	magazine	n
2000	totally	adv
2000	mental	a
2000	used	a
2000	store	n
2000	scientific	a
2000	frequently	adv
2000	thanks	n
2000	beside	prep
2000	settlement	n
2000	absolutely	adv
2000	critical	a
2000	recognition	n
2000	touch	n
2000	consist	v
2000	below	prep
2000	silence	n
2000	expenditure	n
2000	institute	n
2000	dress	v
2000	dangerous	a
2000	familiar	a
2000	asset	n
2000	belong	v
2000	educational	a
2000	sum	n
2000	publication	n
2000	partly	adv
2000	block	n
2000	seriously	adv
2000	youth	n
2000	tape	n
2000	elsewhere	adv
2000	cover	n
2000	fee	n
2000	program	n
2000	treaty	n
2000	necessarily	adv
2000	unlikely	a
2000	properly	adv
2000	guest	n
2000	code	n
2000	hill	n
2000	screen	n
2000	household	n
2000	sequence	n
2000	correct	a
2000	female	a
2000	phase	n
2000	crowd	n
2000	welcome	v
2000	metal	n
2000	human	n
2000	widely	adv
2000	undertake	v
2000	cut	n
2000	sky	n
2000	brain	n
2000	expert	n
2000	experiment	n
2000	tiny	a
2000	perfect	a
2000	disappear	v
2000	initiative	n
2000	assumption	n
2000	photograph	n
2000	ministry	n
2000	congress	n
2000	transfer	n
2000	reading	n
2000	scientist	n
2000	fast	adv
2000	fast	a
2000	closely	adv
2000	thin	a
2000	solicitor	n
2000	secure	v
2000	plate	n
2000	pool	n
2000	gold	n
2000	emphasis	n
2000	recall	v
2000	shout	v
2000	generate	v
2000	location	n
2000	display	v
2000	heat	n
2000	gun	n
2000	shut	v
2000	journey	n
2000	imply	v
2000	violence	n
2000	dry	a
2000	historical	a
2000	step	v
2000	curriculum	n
2000	noise	n
2000	lunch	n
2000	fear	v
2000	succeed	v
2000	fall	n
2000	bottom	n
2000	initial	a
2000	theme	n
2000	characteristic	n
2000	pretty	adv
2000	empty	a
2000	display	n
2000	combination	n
2000	interpretation	n
2000	rely	v
2000	escape	v
2000	score	v
2000	justice	n
2000	upper	a
2000	tooth	n
2000	organise	v
2000	cat	n
2000	tool	n
2000	spot	n
2000	bridge	n
2000	double	a
2000	direct	v
2000	conclude	v
2000	relative	a
2000	soldier	n
2000	climb	v
2000	breath	n
2000	afford	v
2000	urban	a
2000	nurse	n
2000	narrow	a
2000	liberal	a
2000	coal	n
2000	priority	n
2000	wild	a
2000	revenue	n
2000	membership	n
2000	grant	n
2000	approve	v
2000	tall	a
2000	apparent	a
2000	faith	n
2000	under	adv
2000	fix	v
2000	slow	a
2000	troop	n
2000	motion	n
2000	leading	a
2000	component	n
2000	bloody	a
2000	literature	n
2000	conservative	a
2000	variation	n
2000	remind	v
2000	inform	v
2000	alternative	n
2000	neither	adv
2000	outside	adv
2000	mass	n
2000	busy	a
2000	chemical	n
2000	careful	a
2000	investigate	v
2000	roll	v
2000	instrument	n
2000	guide	n
2000	criterion	n
2000	pocket	n
2000	suggestion	n
2000	aye	interjection
2000	entitle	v
2000	tone	n
2000	attractive	a
2000	wing	n
2000	surprise	n
2000	male	n
2000	ring	n
2000	pub	n
2000	fruit	n
2000	passage	n
2000	illustrate	v
2000	pay	n
2000	ride	v
2000	foundation	n
2000	restaurant	n
2000	vital	a
2000	alternative	a
2000	burn	v
2000	map	n
2000	united	a
2000	device	n
2000	jump	v
2000	estimate	v
2000	conduct	v
2000	derive	v
2000	comment	v
2000	east	n
2000	advise	v
2000	advance	n
2000	motor	n
2000	satisfy	v
2000	hell	n
2000	winner	n
2000	effectively	adv
2000	mistake	n
2000	incident	n
2000	focus	v
2000	exercise	v
2000	representation	n
2000	release	n
2000	leaf	n
2000	border	n
2000	wash	v
2000	prospect	n
2000	blow	v
2000	trip	n
2000	observation	n
2000	gather	v
2000	ancient	a
2000	brief	a
2000	gate	n
2000	elderly	a
2000	persuade	v
2000	overall	a
2000	rare	a
2000	index	n
2000	hand	v
2000	circle	n
2000	creation	n
2000	drawing	n
2000	anybody	pron
2000	flow	n
2000	matter	v
2000	external	a
2000	capable	a
2000	recover	v
2000	shot	n
2000	request	n
2000	impression	n
2000	neighbour	n
2000	theatre	n
2000	beneath	prep
2000	hurt	v
2000	mechanism	n
2000	potential	n
2000	lean	v
2000	defendant	n
2000	atmosphere	n
2000	slip	v
2000	chain	n
2000	accompany	v
2000	wonderful	a
2000	earn	v
2000	enemy	n
2000	desk	n
2000	engineering	n
2000	panel	n
2000	distinction	n
2000	deputy	n
2000	discipline	n
2000	strike	n
2000	married	a
2000	plenty	pron
2000	establishment	n
2000	fashion	n
2000	roof	n
2000	milk	n
2000	entire	a
2000	tear	n
2000	secondary	a
2000	finding	n
2000	welfare	n
2000	increased	a
2000	attach	v
2000	typical	a
2000	meanwhile	adv
2000	leadership	n
2000	walk	n
2000	negotiation	n
2000	clean	a
2000	religion	n
2000	count	v
2000	grey	a
2000	hence	adv
2000	alright	adv
2000	first	a
2000	fuel	n
2000	mine	n
2000	appeal	v
2000	servant	n
2000	liability	n
2000	constant	a
2000	hate	v
2000	shoe	n
2000	expense	n
2000	vast	a
2000	soil	n
2000	writing	n
2000	nose	n
2000	origin	n
2000	lord	n
2000	rest	v
2000	drive	n
2000	ticket	n
2000	editor	n
2000	switch	v
2000	provided	conj
2000	northern	a
2000	significance	n
2000	channel	n
2000	convention	n
2000	damage	v
2000	funny	a
2000	bone	n
2000	severe	a
2000	search	v
2000	iron	n
2000	vision	n
2000	via	prep
2000	somewhat	adv
2000	inside	adv
2000	trend	n
2000	revolution	n
2000	terrible	a
2000	knee	n
2000	dress	n
2000	unfortunately	adv
2000	steal	v
2000	criminal	a
2000	signal	n
2000	notion	n
2000	comparison	n
2000	academic	a
2000	outcome	n
2000	lawyer	n
2000	strongly	adv
2000	surround	v
2000	explore	v
2000	achievement	n
2000	odd	a
2000	expectation	n
2000	corporate	a
2000	prisoner	n
2000	question	v
2000	rapidly	adv
2000	deep	adv
2000	southern	a
2000	amongst	prep
2000	withdraw	v
2000	afterwards	adv
2000	paint	v
2000	judge	v
2000	citizen	n
2000	permanent	a
2000	weak	a
2000	separate	v
2000	ourselves	pron
2000	plastic	n
2000	connect	v
